site,date,transect,length,width,height,SA(cm^2),SA(m^2),bommie,bommie.ID,angle,quadrant,treatment,substrate,Acropora,Porities,Pocillopora,Montipora,UJ,Other,Corals per 0.25m2,Notes
West,"April8,2022",2,145,87,45,12869.48735,1.286948735,1,1,110,2,downstream,sand,0,2.233753587,0,2.233753587,0,0.7445845291,5.212091704,
West,"April8,2022",2,145,87,45,12869.48735,1.286948735,1,1,110,2,left,sand,0,0.7445845291,0.7445845291,1.489169058,0,2.233753587,5.212091704,
West,"April8,2022",2,145,87,45,12869.48735,1.286948735,1,1,110,1,upstream,"rubble, sand",0,0.7445845291,0,0.7445845291,0,1.489169058,2.978338116,
West,"April8,2022",2,145,87,45,12869.48735,1.286948735,1,1,110,4,right,sand,0,0,0,1.489169058,0,2.233753587,3.722922645,
West,"April8,2022",2,162,120,54,19410.09093,1.941009093,2,2,300,1,upstream,sand,0,1.637396534,0,1.091597689,0,0.5457988446,3.274793068,
West,"April8,2022",2,162,120,54,19410.09093,1.941009093,2,2,300,2,left,sand,0,1.637396534,0,1.637396534,0,0.5457988446,3.820591912,
West,"April8,2022",2,162,120,54,19410.09093,1.941009093,2,2,300,2,downstream,sand,0,0.5457988446,0,1.637396534,0,1.637396534,3.820591912,
West,"April8,2022",2,162,120,54,19410.09093,1.941009093,2,2,300,4,right,sand,0,0.5457988446,0,1.091597689,0,1.091597689,2.728994223,
West,"April8,2022",2,66,37,48,3929.750518,0.3929750518,3,3,50,4,right,sand,0,4,0,0,0,0,4,
West,"April8,2022",2,66,37,48,3929.750518,0.3929750518,3,3,50,1,upstream,sand,0,0,0,0,0,0,0,
West,"April8,2022",2,66,37,48,3929.750518,0.3929750518,3,3,50,3,left,sand,0,3,0,0,0,0,3,
West,"April8,2022",2,66,37,48,3929.750518,0.3929750518,3,3,50,2,downstream,sand,0,5,0,0,0,0,5,
West,"April8,2022",2,78,59,37,5213.219345,0.5213219345,4,4,80,4,right,sand,0,3,0,0,0,0,3,
West,"April8,2022",2,78,59,37,5213.219345,0.5213219345,4,4,80,1,upstream,sand,0,4,2,4,0,2,12,
West,"April8,2022",2,78,59,37,5213.219345,0.5213219345,4,4,80,3,left,sand,0,3,0,0,0,0,3,
West,"April8,2022",2,78,59,37,5213.219345,0.5213219345,4,4,80,2,downstream,sand,0,3,0,0,0,0,3,
West,"April8,2022",2,179,201,77,36285.10732,3.628510732,5,5,30,4,right,sand,0,0.6459210353,0,0.9688815529,0,2.583684141,4.198486729,
West,"April8,2022",2,179,201,77,36285.10732,3.628510732,5,5,30,1,upstream,sand,0.3229605176,2.906644659,0,0.3229605176,0,0,3.552565694,
West,"April8,2022",2,179,201,77,36285.10732,3.628510732,5,5,30,3,left,sand,0,0.6459210353,0.3229605176,0.6459210353,0,0,1.614802588,
West,"April8,2022",2,179,201,77,36285.10732,3.628510732,5,5,30,2,downstream,sand,0.3229605176,0,0,1.291842071,0,0.3229605176,1.937763106,
West,"April8,2022",2,107,154,67,18401.70858,1.840170858,6,6,60,4,right,sand,0,0.5460797498,0,0,0,1.0921595,1.63823925,
West,"April8,2022",2,107,154,67,18401.70858,1.840170858,6,6,60,1,upstream,sand,0,1.0921595,0,0.5460797498,0,0,1.63823925,
West,"April8,2022",2,107,154,67,18401.70858,1.840170858,6,6,60,3,left,sand,0,1.63823925,0,1.0921595,0,0,2.730398749,
West,"April8,2022",2,107,154,67,18401.70858,1.840170858,6,6,60,2,downstream,sand,0,0.5460797498,0.5460797498,0.5460797498,0,0.5460797498,2.184318999,
West,"April8,2022",2,177,134,63,24078.58224,2.407858224,7,7,150,2,downstream,sand,0,0.421044823,0,0,0,0,0.421044823,
West,"April8,2022",2,177,134,63,24078.58224,2.407858224,7,7,150,4,right,sand,0,2.105224115,0,1.263134469,0,0.842089646,4.21044823,
West,"April8,2022",2,177,134,63,24078.58224,2.407858224,7,7,150,1,upstream,sand,0,2.947313761,0,0,0,0.421044823,3.368358584,
West,"April8,2022",2,177,134,63,24078.58224,2.407858224,7,7,150,3,left,sand,0,0.421044823,0,0,0,0,0.421044823,
MRB,"April10,2022",3,64,61,50,5335.979685,0.5335979685,8,8,30,4,right,rubble,1,1,0,0,0,0,2,
MRB,"April10,2022",3,64,61,50,5335.979685,0.5335979685,8,8,30,1,upstream,rubble,1,1,1,0,0,0,3,
MRB,"April10,2022",3,64,61,50,5335.979685,0.5335979685,8,8,30,3,left,rubble,0,2,1,1,0,0,4,
MRB,"April10,2022",3,64,61,50,5335.979685,0.5335979685,8,8,30,2,downstream,rubble,0,0,0,0,0,0,0,
MRB,"April10,2022",3,256,158,96,43894.60946,4.389460946,9,9,350,4,right,"rubble, sand",0,0.5651809059,0.3767872706,0.1883936353,0,0.3767872706,1.507149082,
MRB,"April10,2022",3,256,158,96,43894.60946,4.389460946,9,9,350,1,upstream,"rubble, sand",0,0.1883936353,0.7535745412,1.130361812,0,0.1883936353,2.260723623,
MRB,"April10,2022",3,256,158,96,43894.60946,4.389460946,9,9,350,3,left,"rubble, sand",0,2.072329988,1.130361812,0.7535745412,0,0.3767872706,4.333053612,
MRB,"April10,2022",3,256,158,96,43894.60946,4.389460946,9,9,350,2,downstream,sediment,0.1883936353,1.318755447,0.1883936353,0.7535745412,0,0.5651809059,3.014298165,
MRB,"April10,2022",3,234,105,85,29127.81584,2.912781584,10,10,110,2,downstream,rubble,0.2347850903,0.7043552709,0,0.2347850903,0,0,1.173925452,
MRB,"April10,2022",3,234,105,85,29127.81584,2.912781584,10,10,110,4,right,rubble,0.4695701806,0.9391403612,0.4695701806,0.7043552709,0,0.4695701806,3.052206174,
MRB,"April10,2022",3,234,105,85,29127.81584,2.912781584,10,10,110,1,upstream,rubble,0.2347850903,1.643495632,0,0.4695701806,0,0.2347850903,2.582635993,
MRB,"April10,2022",3,234,105,85,29127.81584,2.912781584,10,10,110,3,left,rubble,0,0.4695701806,0,0,0,0.2347850903,0.7043552709,
MRB,"April10,2022",3,176,148,64,26102.73332,2.610273332,11,11,340,4,right,rubble,2.072329988,0.4144659976,0.8289319953,0.4144659976,0,0,3.730193979,
MRB,"April10,2022",3,176,148,64,26102.73332,2.610273332,11,11,340,1,upstream,rubble,0,2.486795986,0,0.8289319953,0,1.243397993,4.559125974,
MRB,"April10,2022",3,176,148,64,26102.73332,2.610273332,11,11,340,3,left,"rubble, sand",2.072329988,0.4144659976,0,0,0,0,2.486795986,
MRB,"April10,2022",3,176,148,64,26102.73332,2.610273332,11,11,340,2,downstream,rubble,1.243397993,0.4144659976,0.4144659976,0,0,2.072329988,4.144659976,
MRB,"April7,2022",1,290,197,135,66146.98519,6.614698519,12,12,100,4,right,sand,0.1109576945,0.8876615562,0.5547884727,0.4438307781,0,0.4438307781,2.44106928,
MRB,"April7,2022",1,290,197,135,66146.98519,6.614698519,12,12,100,1,upstream,"rubble, sand",0,0.7767038617,0.1109576945,0.2219153891,0,0.1109576945,1.22053464,
MRB,"April7,2022",1,290,197,135,66146.98519,6.614698519,12,12,100,3,left,rubble,0.4438307781,2.884900058,1.109576945,0.4438307781,0,0.5547884727,5.436927032,
MRB,"April7,2022",1,290,197,135,66146.98519,6.614698519,12,12,100,2,downstream,rubble,0.2219153891,1.886280807,1.109576945,0.6657461672,0,0.3328730836,4.216392392,
MRB,"April7,2022",1,141,99,46,13990.31139,1.399031139,13,13,80,4,right,"rubble, sand",0,1.480166874,1.480166874,0.7400834368,0,1.480166874,5.180584058,
MRB,"April7,2022",1,141,99,46,13990.31139,1.399031139,13,13,80,1,upstream,"rubble, sand",0,1.480166874,2.960333747,0.7400834368,0,0.7400834368,5.920667495,
MRB,"April7,2022",1,141,99,46,13990.31139,1.399031139,13,13,80,3,left,"rubble, sand",0,2.220250311,1.480166874,0.7400834368,0,0,4.440500621,
MRB,"April7,2022",1,141,99,46,13990.31139,1.399031139,13,13,80,2,downstream,sand,0,3.700417184,2.960333747,1.480166874,0,2.220250311,10.36116812,
MRB,"April7,2022",1,163,137,53,21654.34817,2.165434817,14,14,90,4,right,sand,1.112193872,2.78048468,1.668290808,0,0,1.668290808,7.229260168,
MRB,"April7,2022",1,163,137,53,21654.34817,2.165434817,14,14,90,1,upstream,rubble,0,0.556096936,2.224387744,0.556096936,0,0.556096936,3.892678552,
MRB,"April7,2022",1,163,137,53,21654.34817,2.165434817,14,14,90,3,left,rubble ,1.112193872,0.556096936,1.112193872,0,0,1.668290808,4.448775488,
MRB,"April7,2022",1,163,137,53,21654.34817,2.165434817,14,14,90,2,downstream,sand,2.224387744,3.336581616,2.224387744,0,0,1.112193872,8.897550976,
MRB,"April7,2022",1,204,164,61,31943.12764,3.194312764,15,15,70,4,right,sand,1.575304107,1.575304107,1.969130134,1.18147808,0,1.969130134,8.270346563,
MRB,"April7,2022",1,204,164,61,31943.12764,3.194312764,15,15,70,1,upstream,"rubble, sand",0,2.362956161,1.18147808,2.362956161,0,0,5.907390402,
MRB,"April7,2022",1,204,164,61,31943.12764,3.194312764,15,15,70,3,left,sand,1.18147808,2.362956161,0.7876520537,1.575304107,0,0.3938260268,6.301216429,
MRB,"April7,2022",1,204,164,61,31943.12764,3.194312764,15,15,70,2,downstream,sand,0.7876520537,3.150608215,1.18147808,1.575304107,0,1.575304107,8.270346563,
MRB,"April7,2022",1,270,148,123,49158.11506,4.915811506,16,16,110,4,right,sand,0.1316989951,3.950969853,0.1316989951,0.2633979902,0,0.7901939705,5.267959804,
MRB,"April7,2022",1,270,148,123,49158.11506,4.915811506,16,16,110,1,upstream,rubble,0.6584949755,3.424173872,0.1316989951,0.2633979902,0,0.3950969853,4.872862818,
MRB,"April7,2022",1,270,148,123,49158.11506,4.915811506,16,16,110,3,left,rubble,0,2.370581912,0.1316989951,0.5267959804,0,0.5267959804,3.555872867,
MRB,"April7,2022",1,270,148,123,49158.11506,4.915811506,16,16,110,2,downstream,rubble,0.2633979902,1.975484926,0.1316989951,0.1316989951,0,0.3950969853,2.897377892,
West,"April 24, 2022",4,110,118,73,15741.86877,1.574186877,17,17,NA,1,upstream,sand,0,3.812379803,0.4765474754,1.906189902,0,0,6.19511718,
West,"April 24, 2022",4,110,118,73,15741.86877,1.574186877,17,17,NA,2,downstream,sand,0,3.812379803,0,0.9530949508,0,0,4.765474754,
West,"April 24, 2022",4,110,118,73,15741.86877,1.574186877,17,17,NA,3,left,sand,0,1.429642426,0,0,0,0,1.429642426,
West,"April 24, 2022",4,110,118,73,15741.86877,1.574186877,17,17,NA,4,right,sand,0,4.765474754,0,1.906189902,0.4765474754,0,7.148212131,
West,"April 24, 2022",4,243,236,117,61695.09357,6.169509357,18,18,NA,1,upstream,sand,0,0.4534328863,0.1511442954,0.6045771817,0,0,1.209154363,
West,"April 24, 2022",4,243,236,117,61695.09357,6.169509357,18,18,NA,2,downstream,sand,0,1.360298659,0.1511442954,0.7557214772,0.1511442954,0,2.418308727,
West,"April 24, 2022",4,243,236,117,61695.09357,6.169509357,18,18,NA,3,left,sand,0,0.3022885909,0.1511442954,0.6045771817,0,0,1.058010068,
West,"April 24, 2022",4,243,236,117,61695.09357,6.169509357,18,18,NA,4,right,"rubble, sand",0,1.66258725,0.1511442954,0.4534328863,0,0,2.267164432,
West,"April 24, 2022",4,170,154,110,32734.34196,3.273434196,19,19,NA,1,upstream,rubble,0,0.2066947313,0,0,0,0,0.2066947313,one massive Porites lobata
West,"April 24, 2022",4,170,154,110,32734.34196,3.273434196,19,19,NA,2,downstream,sand,0,0.2066947313,0,0,0,0,0.2066947313,
West,"April 24, 2022",4,170,154,110,32734.34196,3.273434196,19,19,NA,3,left,sand,0,0.2066947313,0,0,0,0,0.2066947313,
West,"April 24, 2022",4,170,154,110,32734.34196,3.273434196,19,19,NA,4,right,sand,0,0.2066947313,0,0,0,0,0.2066947313,
West,"April 24, 2022",5,172,170,76,30373.52398,3.037352398,20,20,NA,1,upstream,rubble,0,0.3377651594,0,0,0,0,0.3377651594,one massive Porites lobata
West,"April 24, 2022",5,172,170,76,30373.52398,3.037352398,20,20,NA,2,downstream,sand,0,0.3377651594,0,0,0,0,0.3377651594,
West,"April 24, 2022",5,172,170,76,30373.52398,3.037352398,20,20,NA,3,left,sand,0,0.3377651594,0,0,0,0,0.3377651594,
West,"April 24, 2022",5,172,170,76,30373.52398,3.037352398,20,20,NA,4,right,sand,0,0.3377651594,0,0,0,0,0.3377651594,
West,"April 24, 2022",5,195,171,81,34655.51162,3.465551162,21,21,NA,1,upstream,sand,0,0.2847646146,0,1.423823073,0,0,1.708587688,
West,"April 24, 2022",5,195,171,81,34655.51162,3.465551162,21,21,NA,2,downstream,sand,0,0.8542938438,0,0.5695292292,0,0,1.423823073,
West,"April 24, 2022",5,195,171,81,34655.51162,3.465551162,21,21,NA,3,left,"rubble, sand",0,0.5695292292,0,0.2847646146,0,0,0.8542938438,
West,"April 24, 2022",5,195,171,81,34655.51162,3.465551162,21,21,NA,4,right,"rubble, sand",0,0.2847646146,0.2847646146,0.5695292292,0,0.2847646146,1.423823073,
West,"April 24, 2022",5,219,205,125,52336.03302,5.233603302,22,22,NA,1,upstream,sand,0,0.2961022197,0,0.4441533296,0,0,0.7402555493,
West,"April 24, 2022",5,219,205,125,52336.03302,5.233603302,22,22,NA,2,downstream,sand,0,0,0,0.1480511099,0,0,0.1480511099,
West,"April 24, 2022",5,219,205,125,52336.03302,5.233603302,22,22,NA,3,left,sand,0,0.1480511099,0,0.2961022197,0,0,0.4441533296,
West,"April 24, 2022",5,219,205,125,52336.03302,5.233603302,22,22,NA,4,right,sand,0,0,0,0,0,0,0,
East,"April 28, 2022",6,175,169,91,32857.08604,3.285708604,23,23,340,1,upstream,"rubble, pavement",1,2,1,0,0,0,4,
East,"April 28, 2022",6,175,169,91,32857.08604,3.285708604,23,23,340,2,downstream,sand,0,2,0,1,0,0,3,
East,"April 28, 2022",6,175,169,91,32857.08604,3.285708604,23,23,340,3,left,rubble,0,5,0,0,0,0,5,
East,"April 28, 2022",6,175,169,91,32857.08604,3.285708604,23,23,340,4,right,"rubble, sand",0,8,0,0,0,0,8,
East,"April 28, 2022",6,114,111,68,14914.81989,1.491481989,24,24,30,1,upstream,rubble,0,1,0,0,0,0,1,
East,"April 28, 2022",6,114,111,68,14914.81989,1.491481989,24,24,30,2,downstream,sand,0,1,0,1,0,0,2,
East,"April 28, 2022",6,114,111,68,14914.81989,1.491481989,24,24,30,3,left,rubble,0,1,0,0,0,0,1,
East,"April 28, 2022",6,114,111,68,14914.81989,1.491481989,24,24,30,4,right,rubble,0,1,0,0,0,0,1,
East,"April 28, 2022",6,159,145,97,27929.26631,2.792926631,25,25,270,1,upstream,"rubble, pavement",0,5,2,0,3,0,10,
East,"April 28, 2022",6,159,145,97,27929.26631,2.792926631,25,25,270,2,downstream,"rubble, sand",0,3,0,0,2,0,5,
East,"April 28, 2022",6,159,145,97,27929.26631,2.792926631,25,25,270,3,left,"rubble, sand",0,3,1,0,1,0,5,
East,"April 28, 2022",6,159,145,97,27929.26631,2.792926631,25,25,270,4,right,"rubble, sand",0,3,0,0,0,0,3,
East,"April 28, 2022",6,32,27,31,1412.465757,0.1412465757,26,26,310,1,upstream,sand,0,1,0,0,0,0,1,
East,"April 28, 2022",6,32,27,31,1412.465757,0.1412465757,26,26,310,2,downstream,rubble,0,1,0,2,0,0,3,
East,"April 28, 2022",6,32,27,31,1412.465757,0.1412465757,26,26,310,3,left,sand,0,1,0,4,0,0,5,
East,"April 28, 2022",6,32,27,31,1412.465757,0.1412465757,26,26,310,4,right,rubble,0,1,0,2,0,0,3,
East,"April 28, 2022",6,96,95,53,10339.74769,1.033974769,27,27,280,1,upstream,rubble,0,1,0,0,0,0,1,
East,"April 28, 2022",6,96,95,53,10339.74769,1.033974769,27,27,280,2,downstream,"rubble, sand",0,1,0,0,0,0,1,
East,"April 28, 2022",6,96,95,53,10339.74769,1.033974769,27,27,280,3,left,rubble,0,1,0,0,0,0,1,
East,"April 28, 2022",6,96,95,53,10339.74769,1.033974769,27,27,280,4,right,rubble,0,1,0,0,0,0,1,
East,"April 28, 2022",7,54,49,56,4409.907283,0.4409907283,28,28,10,1,upstream,sand,0,2,1,1,0,0,4,
East,"April 28, 2022",7,54,49,56,4409.907283,0.4409907283,28,28,10,2,downstream,sand,0,0,2,0,0,0,2,
East,"April 28, 2022",7,54,49,56,4409.907283,0.4409907283,28,28,10,3,left,rubble,0,0,1,1,0,0,2,
East,"April 28, 2022",7,54,49,56,4409.907283,0.4409907283,28,28,10,4,right,rubble,0,0,0,2,0,0,2,
East,"April 28, 2022",7,138,135,79,21521.20154,2.152120154,29,29,310,1,upstream,rubble,0,1,1,0,0,0,2,
East,"April 28, 2022",7,138,135,79,21521.20154,2.152120154,29,29,310,2,downstream,sand,0,1,0,0,0,0,1,
East,"April 28, 2022",7,138,135,79,21521.20154,2.152120154,29,29,310,3,left,rubble,0,1,0,0,0,0,1,
East,"April 28, 2022",7,138,135,79,21521.20154,2.152120154,29,29,310,4,right,rubble,0,1,0,0,0,0,1,
East,"April 28, 2022",7,157,96,54,15865.37784,1.586537784,30,30,10,1,upstream,sand,0,3,0,0,0,0,3,
East,"April 28, 2022",7,157,96,54,15865.37784,1.586537784,30,30,10,2,downstream,pavement,0,4,1,0,0,0,5,
East,"April 28, 2022",7,157,96,54,15865.37784,1.586537784,30,30,10,3,left,sand,0,2,0,0,0,0,2,
East,"April 28, 2022",7,157,96,54,15865.37784,1.586537784,30,30,10,4,right,rubble,0,2,0,0,0,0,2,
East,"April 28, 2022",7,182,87,65,18206.73404,1.820673404,31,31,340,1,upstream,rubble,0,9,1,0,0,0,10,
East,"April 28, 2022",7,182,87,65,18206.73404,1.820673404,31,31,340,2,downstream,sand,0,10,0,0,1,0,11,
East,"April 28, 2022",7,182,87,65,18206.73404,1.820673404,31,31,340,3,left,sand,0,2,0,0,0,0,2,
East,"April 28, 2022",7,182,87,65,18206.73404,1.820673404,31,31,340,4,right,sand,0,11,1,0,0,0,12,
East,"April 28, 2022",7,108,100,59,12374.25302,1.237425302,32,32,0,1,upstream,sand,1,4,0,0,0,0,5,
East,"April 28, 2022",7,108,100,59,12374.25302,1.237425302,32,32,0,2,downstream,sand,0,4,1,2,0,0,7,
East,"April 28, 2022",7,108,100,59,12374.25302,1.237425302,32,32,0,3,left,sand,0,2,0,0,0,0,2,
East,"April 28, 2022",7,108,100,59,12374.25302,1.237425302,32,32,0,4,right,sand,0,2,0,1,0,0,3,
East,"May 2, 2022",8,181,159,106,34515.3001,3.45153001,33,33,110,1,upstream,"rubble, sand",0,2,0,0,0,0,2,
East,"May 2, 2022",8,181,159,106,34515.3001,3.45153001,33,33,110,2,downstream,sand,0,1,0,0,0,0,1,
East,"May 2, 2022",8,181,159,106,34515.3001,3.45153001,33,33,110,3,left,"rubble, sand",0,1,0,0,0,0,1,
East,"May 2, 2022",8,181,159,106,34515.3001,3.45153001,33,33,110,4,right,"rubble, sand, pavement",0,2,0,2,0,0,4,
East,"May 2, 2022",8,179,112,77,22959.58385,2.295958385,34,34,20,1,upstream,rubble,2,7,0,0,0,0,9,
East,"May 2, 2022",8,179,112,77,22959.58385,2.295958385,34,34,20,2,downstream,sand,0,8,0,2,0,0,10,
East,"May 2, 2022",8,179,112,77,22959.58385,2.295958385,34,34,20,3,left,"rubble, sand",0,1,0,3,0,0,4,
East,"May 2, 2022",8,179,112,77,22959.58385,2.295958385,34,34,20,4,right,"rubble, sand",0,6,1,1,0,0,8,
East,"May 2, 2022",8,302,131,78,41176.16456,4.117616456,35,35,305,1,upstream,sand,0,5,0,2,0,0,7,
East,"May 2, 2022",8,302,131,78,41176.16456,4.117616456,35,35,305,2,downstream,sand,0,5,1,3,0,0,9,
East,"May 2, 2022",8,302,131,78,41176.16456,4.117616456,35,35,305,3,left,"rubble, sand",0,5,0,1,0,1,7,
East,"May 2, 2022",8,302,131,78,41176.16456,4.117616456,35,35,305,4,right,"rubble, sand",0,3,0,0,0,2,5,
East,"May 2, 2022",8,193,184,106,40508.07266,4.050807266,36,36,70,1,upstream,sand,0,1,0,0,0,0,1,one massive porites
East,"May 2, 2022",8,193,184,106,40508.07266,4.050807266,36,36,70,2,downstream,sand,0,1,0,0,0,0,1,
East,"May 2, 2022",8,193,184,106,40508.07266,4.050807266,36,36,70,3,left,sand,0,1,0,0,0,0,1,
East,"May 2, 2022",8,193,184,106,40508.07266,4.050807266,36,36,70,4,right,sand,0,1,0,0,0,0,1,
East,"May 2, 2022",8,144,98,80,17810.55868,1.781055868,37,37,290,1,upstream,sand,0,2,0,3,0,0,5,
East,"May 2, 2022",8,144,98,80,17810.55868,1.781055868,37,37,290,2,downstream,sand,0,2,0,2,0,0,4,
East,"May 2, 2022",8,144,98,80,17810.55868,1.781055868,37,37,290,3,left,"rubble, sand",0,0,0,1,0,0,1,
East,"May 2, 2022",8,144,98,80,17810.55868,1.781055868,37,37,290,4,right,sand,0,2,0,1,0,0,3,
East,"May 2, 2022",8,116,110,47,12962.92823,1.296292823,38,38,40,1,upstream,sand,0,3,0,0,0,0,3,
East,"May 2, 2022",8,116,110,47,12962.92823,1.296292823,38,38,40,2,downstream,sand,1,4,0,1,1,3,10,
East,"May 2, 2022",8,116,110,47,12962.92823,1.296292823,38,38,40,3,left,sand,0,3,0,1,0,1,5,
East,"May 2, 2022",8,116,110,47,12962.92823,1.296292823,38,38,40,4,right,sand,0,2,1,0,0,1,4,
East,"May 2, 2022",8,67,64,48,5576.848348,0.5576848348,39,39,20,1,upstream,"rubble, sand",0,1,0,0,0,0,1,one massive porites
East,"May 2, 2022",8,67,64,48,5576.848348,0.5576848348,39,39,20,2,downstream,sand,0,1,0,0,0,0,1,
East,"May 2, 2022",8,67,64,48,5576.848348,0.5576848348,39,39,20,3,left,"rubble, sand",0,1,0,0,0,0,1,
East,"May 2, 2022",8,67,64,48,5576.848348,0.5576848348,39,39,20,4,right,"rubble, sand",0,1,0,0,0,0,1,
East,"May 2, 2022",9,132,113,58,15901.62076,1.590162076,40,40,270,1,upstream,sand,0,2,1,1,0,0,4,
East,"May 2, 2022",9,132,113,58,15901.62076,1.590162076,40,40,270,2,downstream,sand,0,3,0,0,0,0,3,
East,"May 2, 2022",9,132,113,58,15901.62076,1.590162076,40,40,270,3,left,sand,0,1,0,0,0,2,3,
East,"May 2, 2022",9,132,113,58,15901.62076,1.590162076,40,40,270,4,right,sand,0,1,0,2,0,0,3,
East,"May 2, 2022",9,66,65,43,5263.881937,0.5263881937,41,41,30,1,upstream,sand,0,0,1,0,0,0,1,
East,"May 2, 2022",9,66,65,43,5263.881937,0.5263881937,41,41,30,2,downstream,sand,0,0,0,0,1,0,1,
East,"May 2, 2022",9,66,65,43,5263.881937,0.5263881937,41,41,30,3,left,sand,0,0,1,1,0,0,2,
East,"May 2, 2022",9,66,65,43,5263.881937,0.5263881937,41,41,30,4,right,sand,0,0,1,0,0,0,1,
East,"May 2, 2022",9,144,124,77,20626.70442,2.062670442,42,42,50,1,upstream,sand,0,6,0,0,0,0,6,
East,"May 2, 2022",9,144,124,77,20626.70442,2.062670442,42,42,50,2,downstream,sand,1,3,1,0,0,0,5,
East,"May 2, 2022",9,144,124,77,20626.70442,2.062670442,42,42,50,3,left,sand,0,4,1,2,0,0,7,
East,"May 2, 2022",9,144,124,77,20626.70442,2.062670442,42,42,50,4,right,sand,0,4,0,0,1,0,5,
East,"May 2, 2022",9,73,65,63,7044.939564,0.7044939564,43,43,50,1,upstream,sand,0,1,0,1,0,0,2,one massive porites
East,"May 2, 2022",9,73,65,63,7044.939564,0.7044939564,43,43,50,2,downstream,pavement,0,1,0,0,0,0,1,
East,"May 2, 2022",9,73,65,63,7044.939564,0.7044939564,43,43,50,3,left,sand,0,1,0,0,0,0,1,
East,"May 2, 2022",9,73,65,63,7044.939564,0.7044939564,43,43,50,4,right,sand,0,1,0,0,0,0,1,
East,"May 2, 2022",9,59,50,41,3910.781511,0.3910781511,44,44,340,1,upstream,sand,0,1,1,0,0,0,2,one massive porites
East,"May 2, 2022",9,59,50,41,3910.781511,0.3910781511,44,44,340,2,downstream,sand,0,1,0,0,0,0,1,
East,"May 2, 2022",9,59,50,41,3910.781511,0.3910781511,44,44,340,3,left,sand,0,1,0,0,0,0,1,
East,"May 2, 2022",9,59,50,41,3910.781511,0.3910781511,44,44,340,4,right,sand,1,1,1,0,0,0,3,
West,"May 2, 2022",10,178,171,74,31117.45212,3.111745212,45,45,310,1,upstream,sand,0,3,0,1,0,1,5,
West,"May 2, 2022",10,178,171,74,31117.45212,3.111745212,45,45,310,2,downstream,sand,0,2,1,3,0,0,6,
West,"May 2, 2022",10,178,171,74,31117.45212,3.111745212,45,45,310,3,left,sand,0,7,0,0,0,0,7,
West,"May 2, 2022",10,178,171,74,31117.45212,3.111745212,45,45,310,4,right,sand,0,0,0,4,0,0,4,
West,"May 2, 2022",10,213,150,89,34963.99986,3.496399986,46,46,320,1,upstream,"rubble, sand",0,2,0,1,0,1,4,
West,"May 2, 2022",10,213,150,89,34963.99986,3.496399986,46,46,320,2,downstream,sand,0,9,0,1,0,0,10,
West,"May 2, 2022",10,213,150,89,34963.99986,3.496399986,46,46,320,3,left,sand,0,5,0,1,0,0,6,
West,"May 2, 2022",10,213,150,89,34963.99986,3.496399986,46,46,320,4,right,"rubble, sand",0,3,1,1,0,0,5,
West,"May 2, 2022",10,262,241,99,63056.29923,6.305629923,47,47,50,1,upstream,"rubble, sand",0,2,0,0,0,0,2,
West,"May 2, 2022",10,262,241,99,63056.29923,6.305629923,47,47,50,2,downstream,sand,0,2,1,0,0,0,3,
West,"May 2, 2022",10,262,241,99,63056.29923,6.305629923,47,47,50,3,left,sand,0,4,0,0,0,0,4,
West,"May 2, 2022",10,262,241,99,63056.29923,6.305629923,47,47,50,4,right,rubble,0,7,0,0,0,0,7,
West,"May 2, 2022",10,185,123,86,26499.83767,2.649983767,48,48,350,1,upstream,"rubble, sand",0,3,0,6,0,0,9,
West,"May 2, 2022",10,185,123,86,26499.83767,2.649983767,48,48,350,2,downstream,sand,0,3,0,3,0,0,6,
West,"May 2, 2022",10,185,123,86,26499.83767,2.649983767,48,48,350,3,left,sand,0,2,0,4,0,0,6,
West,"May 2, 2022",10,185,123,86,26499.83767,2.649983767,48,48,350,4,right,"rubble, sand",0,2,0,4,0,1,7,
West,"May 2, 2022",10,81,68,40,6182.406149,0.6182406149,49,49,40,1,upstream,"rubble, sand",0,0,0,0,0,0,0,
West,"May 2, 2022",10,81,68,40,6182.406149,0.6182406149,49,49,40,2,downstream,"rubble, sand",0,0,0,0,0,0,0,
West,"May 2, 2022",10,81,68,40,6182.406149,0.6182406149,49,49,40,3,left,"rubble, saand",0,0,0,0,0,1,1,
West,"May 2, 2022",10,81,68,40,6182.406149,0.6182406149,49,49,40,4,right,"rubble, sand",0,1,0,5,0,0,6,
West,"May 2, 2022",10,114,90,59,11946.99266,1.194699266,50,50,40,1,upstream,rubble,0,1,0,3,0,0,4,
West,"May 2, 2022",10,114,90,59,11946.99266,1.194699266,50,50,40,2,downstream,sand,1,2,1,2,0,0,6,
West,"May 2, 2022",10,114,90,59,11946.99266,1.194699266,50,50,40,3,left,rubble,0,1,1,2,0,2,6,
West,"May 2, 2022",10,114,90,59,11946.99266,1.194699266,50,50,40,4,right,sand,0,0,2,5,0,1,8,
East,"April 28, 2022",,171,150,56,24758.56269,2.475856269,51,E3,120,1,upstream,sand,0,1,1,3,1,1,7,
East,"April 28, 2022",,171,150,56,24758.56269,2.475856269,51,E3,120,2,downstream,sand,0,0,0,0,0,0,0,
East,"April 28, 2022",,171,150,56,24758.56269,2.475856269,51,E3,120,3,left,sand,0,3,0,1,0,0,4,
East,"April 28, 2022",,171,150,56,24758.56269,2.475856269,51,E3,120,4,right,sand,1,0,1,1,0,0,3,
East,"April 28, 2022",,96,69,65,9156.340125,0.9156340125,52,E1,50,1,upstream,sand,0,0,0,0,0,0,0,
East,"April 28, 2022",,96,69,65,9156.340125,0.9156340125,52,E1,50,2,downstream,sand,0,1,1,1,0,0,3,
East,"April 28, 2022",,96,69,65,9156.340125,0.9156340125,52,E1,50,3,left,sand,0,0,0,1,0,0,1,
East,"April 28, 2022",,96,69,65,9156.340125,0.9156340125,52,E1,50,4,right,sand,0,1,0,0,0,0,1,
East,"April 28, 2022",,135,117,98,21312.23783,2.131223783,53,E2,80,1,upstream,"rubble, sand",0,1,0,0,0,0,1,
East,"April 28, 2022",,135,117,98,21312.23783,2.131223783,53,E2,80,2,downstream,"rubble, sand",0,0,0,4,0,0,4,
East,"April 28, 2022",,135,117,98,21312.23783,2.131223783,53,E2,80,3,left,rubble,0,1,0,2,0,0,3,
East,"April 28, 2022",,135,117,98,21312.23783,2.131223783,53,E2,80,4,right,rubble,0,1,0,0,0,0,1,
East,"April 28, 2022",,123,119,60,15839.04976,1.583904976,54,E4,20,1,upstream,rubble,0,0,1,0,0,0,1,
East,"April 28, 2022",,123,119,60,15839.04976,1.583904976,54,E4,20,2,downstream,sand,0,3,1,2,0,0,6,
East,"April 28, 2022",,123,119,60,15839.04976,1.583904976,54,E4,20,3,left,sand,1,8,0,0,0,2,11,
East,"April 28, 2022",,123,119,60,15839.04976,1.583904976,54,E4,20,4,right,sand,0,1,0,0,0,0,1,
MRB,"May 3, 2022",11,119,110,54,13903.73576,1.390373576,55,55,40,1,upstream,"rubble, sand",0,0,4,2,2,0,8,
MRB,"May 3, 2022",11,119,110,54,13903.73576,1.390373576,55,55,40,2,downstream,sand,0,1,5,0,0,0,6,
MRB,"May 3, 2022",11,119,110,54,13903.73576,1.390373576,55,55,40,3,left,rubble,0,0,0,1,5,0,6,
MRB,"May 3, 2022",11,119,110,54,13903.73576,1.390373576,55,55,40,4,right,"rubble, sand",0,1,6,3,1,0,11,
MRB,"May 3, 2022",11,104,84,37,8758.165158,0.8758165158,56,56,325,1,upstream,rubble,0,1,0,0,0,0,1,one massive porites 
MRB,"May 3, 2022",11,104,84,37,8758.165158,0.8758165158,56,56,325,2,downstream,sand,0,1,0,0,0,0,1,
MRB,"May 3, 2022",11,104,84,37,8758.165158,0.8758165158,56,56,325,3,left,rubble,0,2,1,0,0,0,3,
MRB,"May 3, 2022",11,104,84,37,8758.165158,0.8758165158,56,56,325,4,right,rubble,0,1,0,0,0,0,1,
MRB,"May 3, 2022",11,227,214,102,51212.3247,5.12123247,57,57,320,1,upstream,rubble,0,1,5,2,0,0,8,
MRB,"May 3, 2022",11,227,214,102,51212.3247,5.12123247,57,57,320,2,downstream,sand,0,2,7,2,0,1,12,
MRB,"May 3, 2022",11,227,214,102,51212.3247,5.12123247,57,57,320,3,left,rubble,0,2,0,2,0,0,4,
MRB,"May 3, 2022",11,227,214,102,51212.3247,5.12123247,57,57,320,4,right,rubble,1,2,5,4,0,1,13,
MRB,"May 3, 2022",12,113,82,47,10045.23868,1.004523868,58,58,280,1,upstream,"rubble, sand",1,5,4,4,0,1,15,
MRB,"May 3, 2022",12,113,82,47,10045.23868,1.004523868,58,58,280,2,downstream,"rubble, sand",0,4,3,2,0,0,9,
MRB,"May 3, 2022",12,113,82,47,10045.23868,1.004523868,58,58,280,3,left,rubble,2,0,3,2,1,0,8,
MRB,"May 3, 2022",12,113,82,47,10045.23868,1.004523868,58,58,280,4,right,sand,2,1,0,3,0,0,6,
MRB,"May 3, 2022",12,106,95,39,10017.33315,1.001733315,59,59,260,1,upstream,"rubble, sand",1,4,1,3,0,0,9,
MRB,"May 3, 2022",12,106,95,39,10017.33315,1.001733315,59,59,260,2,downstream,"rubble, sand",0,2,2,4,0,1,9,
MRB,"May 3, 2022",12,106,95,39,10017.33315,1.001733315,59,59,260,3,left,"rubble, sand",2,3,3,2,0,1,11,
MRB,"May 3, 2022",12,106,95,39,10017.33315,1.001733315,59,59,260,4,right,"rubble, sand",0,0,2,3,0,0,5,
MRB,"May 3, 2022",12,284,260,122,77019.4167,7.70194167,60,60,40,1,upstream,rubble,3,3,3,1,0,0,10,
MRB,"May 3, 2022",12,284,260,122,77019.4167,7.70194167,60,60,40,2,downstream,rubble,0,3,1,1,0,0,5,
MRB,"May 3, 2022",12,284,260,122,77019.4167,7.70194167,60,60,40,3,left,rubble,0,1,3,0,0,0,4,
MRB,"May 3, 2022",12,284,260,122,77019.4167,7.70194167,60,60,40,4,right,"rubble, sand",0,1,1,0,0,1,3,
MRB,"April 14, 2022",,265,221,57,51964.80439,5.196480439,61,M5,90,1,upstream,sand,1.040568441,4.509129912,3.468561471,1.734280735,0,0.6937122942,11.44625285,
MRB,"April 14, 2022",,265,221,57,51964.80439,5.196480439,61,M5,90,2,downstream,sand,0.3468561471,4.162273765,2.42799303,1.040568441,0,2.774849177,11.09939671,
MRB,"April 14, 2022",,265,221,57,51964.80439,5.196480439,61,M5,90,3,left,sand,0.6937122942,3.468561471,2.081136883,1.387424588,0,1.040568441,8.671403677,
MRB,"April 14, 2022",,265,221,57,51964.80439,5.196480439,61,M5,90,4,right,sand,1.387424588,2.774849177,2.081136883,0.3468561471,0,2.774849177,9.365115971,
MRB,"April 23, 2022",,94,76,43,7837.47345,0.783747345,62,M2,10,1,upstream,rubble,3,5,7,4,0,0,19,
MRB,"April 23, 2022",,94,76,43,7837.47345,0.783747345,62,M2,10,2,downstream,sand,2,2,0,3,0,0,7,
MRB,"April 23, 2022",,94,76,43,7837.47345,0.783747345,62,M2,10,3,left,rubble,2,1,3,1,0,1,8,
MRB,"April 23, 2022",,94,76,43,7837.47345,0.783747345,62,M2,10,4,right,rubble,0,2,0,3,0,0,5,
MRB,"April 23, 2022",,157,149,88,26956.30313,2.695630313,63,M1,10,1,upstream,rubble,0.5905563751,0.8858345627,1.18111275,1.18111275,0.8858345627,0,4.724451001,
MRB,"April 23, 2022",,157,149,88,26956.30313,2.695630313,63,M1,10,2,downstream,sand,0.8858345627,1.476390938,0.2952781876,2.3622255,1.476390938,0,6.496120126,
MRB,"April 23, 2022",,157,149,88,26956.30313,2.695630313,63,M1,10,3,left,rubble,0,1.476390938,0.2952781876,1.18111275,1.18111275,0.2952781876,4.429172813,
MRB,"April 23, 2022",,157,149,88,26956.30313,2.695630313,63,M1,10,4,right,rubble,0.2952781876,2.3622255,1.476390938,1.18111275,0.8858345627,0.2952781876,6.496120126,
MRB,"April 23, 2022",,215,185,87,41112.79275,4.111279275,64,M3,310,1,upstream,sand,1.211501432,2.907603436,0.9692011454,1.938402291,1.211501432,0.7269008591,8.965110595,
MRB,"April 23, 2022",,215,185,87,41112.79275,4.111279275,64,M3,310,2,downstream,sand,0.2423002864,2.180702577,0.7269008591,1.696102004,1.453801718,0.2423002864,6.542107732,
MRB,"April 23, 2022",,215,185,87,41112.79275,4.111279275,64,M3,310,3,left,rubble,1.211501432,0.7269008591,1.453801718,0.9692011454,1.696102004,0.4846005727,6.542107732,
MRB,"April 23, 2022",,215,185,87,41112.79275,4.111279275,64,M3,310,4,right,rubble,1.938402291,0.9692011454,1.453801718,1.211501432,2.180702577,0,7.753609163,
West,"April 26, 2022",,143,95,50,14099.57605,1.409957605,65,W4,110,1,upstream,sand,0,1.979128826,0.6597096087,0,0,0,2.638838435,
West,"April 26, 2022",,143,95,50,14099.57605,1.409957605,65,W4,110,2,downstream,sand,0,0,0,1.319419217,0,0,1.319419217,
West,"April 26, 2022",,143,95,50,14099.57605,1.409957605,65,W4,110,3,left,sand,0,0,0,0.6597096087,0,0.6597096087,1.319419217,
West,"April 26, 2022",,143,95,50,14099.57605,1.409957605,65,W4,110,4,right,sand,0,1.319419217,0,0.6597096087,0,0,1.979128826,
West,"April 26, 2022",,139,132,77,21028.37499,2.102837499,66,W1,70,1,upstream,sand,0,1.148304063,0,0,2.296608125,0,3.444912188,
West,"April 26, 2022",,139,132,77,21028.37499,2.102837499,66,W1,70,2,downstream,sand,0,0.3827680209,1.148304063,0.7655360418,0,0,2.296608125,
West,"April 26, 2022",,139,132,77,21028.37499,2.102837499,66,W1,70,3,left,sand,0,0.3827680209,0,0,0,0,0.3827680209,
West,"April 26, 2022",,139,132,77,21028.37499,2.102837499,66,W1,70,4,right,sand,0,0.3827680209,0,0,0,0,0.3827680209,
West,"April 26, 2022",,175,118,110,27993.35104,2.799335104,67,W3,60,1,upstream,sand,0,1.218411048,0,0,0,0,1.218411048,
West,"April 26, 2022",,175,118,110,27993.35104,2.799335104,67,W3,60,2,downstream,sand,0,0.2030685079,0,0.2030685079,0,0,0.4061370159,
West,"April 26, 2022",,175,118,110,27993.35104,2.799335104,67,W3,60,3,left,sand,0,0.6092055238,0,0,0,0,0.6092055238,
West,"April 26, 2022",,175,118,110,27993.35104,2.799335104,67,W3,60,4,right,sand,0.2030685079,0.8122740317,0,0,0,0,1.01534254,
West,"April 26, 2022",,170,169,95,32713.37739,3.271337739,68,W2,80,1,upstream,sand,0,2.781655411,0,0,0,0,2.781655411,
West,"April 26, 2022",,170,169,95,32713.37739,3.271337739,68,W2,80,2,downstream,sand,0,2.275899881,0,0,0.2528777646,0,2.528777646,
West,"April 26, 2022",,170,169,95,32713.37739,3.271337739,68,W2,80,3,left,sand,0,1.011511058,0,0,0,0,1.011511058,
West,"April 26, 2022",,170,169,95,32713.37739,3.271337739,68,W2,80,4,right,sand,0,2.275899881,0,0,0,0,2.275899881,
West,"May 6, 2022",,166,154,120,33698.1802,3.36981802,69,W6,NA,1,upstream,"rubble, sand",0,8,2,0,0,0,10,
West,"May 6, 2022",,166,154,120,33698.1802,3.36981802,69,W6,NA,2,downstream,sand,0,8,0,0,0,0,8,
West,"May 6, 2022",,166,154,120,33698.1802,3.36981802,69,W6,NA,3,left,rubble,0,2,0,1,0,0,3,
West,"May 6, 2022",,166,154,120,33698.1802,3.36981802,69,W6,NA,4,right,"rubble, sand",0,7,0,0,0,1,8,
West,"May 6, 2022",,77,73,43,6468.014587,0.6468014587,70,W7,NA,1,upstream,sand,0,1,0,1,0,1,3,
West,"May 6, 2022",,77,73,43,6468.014587,0.6468014587,70,W7,NA,2,downstream,sand,0,2,0,1,0,0,3,
West,"May 6, 2022",,77,73,43,6468.014587,0.6468014587,70,W7,NA,3,left,sand,0,2,0,2,0,0,4,
West,"May 6, 2022",,77,73,43,6468.014587,0.6468014587,70,W7,NA,4,right,sand,0,0,0,2,0,0,2,
West,"May 6, 2022",,198,132,76,28049.53232,2.804953232,71,W8,NA,1,upstream,sand,0,1,0,0,0,0,1,
West,"May 6, 2022",,198,132,76,28049.53232,2.804953232,71,W8,NA,2,downstream,sand,0,1,0,1,0,2,4,
West,"May 6, 2022",,198,132,76,28049.53232,2.804953232,71,W8,NA,3,left,sand,0,1,0,0,0,0,1,
West,"May 6, 2022",,198,132,76,28049.53232,2.804953232,71,W8,NA,4,right,sand,0,1,0,0,0,0,1,
West,"May 6, 2022",,78,78,42,6808.37413,0.680837413,72,W9,NA,1,upstream,sand,0,3,0,0,0,0,3,
West,"May 6, 2022",,78,78,42,6808.37413,0.680837413,72,W9,NA,2,downstream,sand,0,5,0,0,0,0,5,
West,"May 6, 2022",,78,78,42,6808.37413,0.680837413,72,W9,NA,3,left,"sand, pavement",0,1,0,2,0,0,3,
West,"May 6, 2022",,78,78,42,6808.37413,0.680837413,72,W9,NA,4,right,sand,0,3,0,0,0,0,3,
West,"May 6, 2022",,90,80,35,7299.045683,0.7299045683,73,W10,NA,1,upstream,sand,0,2,0,0,0,0,2,
West,"May 6, 2022",,90,80,35,7299.045683,0.7299045683,73,W10,NA,2,downstream,sand,0,0,0,0,0,3,3,
West,"May 6, 2022",,90,80,35,7299.045683,0.7299045683,73,W10,NA,3,left,sand,0,1,0,0,0,0,1,
West,"May 6, 2022",,90,80,35,7299.045683,0.7299045683,73,W10,NA,4,right,sand,0,0,0,1,0,0,1,
MRB,"May 6, 2022",,159,123,56,19703.21774,1.970321774,74,M6,NA,1,upstream,"sand, rubble",1,6,2,0,0,1,10,
MRB,"May 6, 2022",,159,123,56,19703.21774,1.970321774,74,M6,NA,2,downstream,sand,4,3,2,1,0,0,10,
MRB,"May 6, 2022",,159,123,56,19703.21774,1.970321774,74,M6,NA,3,left,"sand, rubble",2,3,1,1,0,0,7,
MRB,"May 6, 2022",,159,123,56,19703.21774,1.970321774,74,M6,NA,4,right,sand,1,6,1,0,0,0,8,
MRB,"May 6, 2022",,127,121,87,19522.6097,1.95226097,75,M7,NA,1,upstream,sand,0,3,5,3,0,1,12,
MRB,"May 6, 2022",,127,121,87,19522.6097,1.95226097,75,M7,NA,2,downstream,"sand, rubble",1,8,3,1,0,1,14,
MRB,"May 6, 2022",,127,121,87,19522.6097,1.95226097,75,M7,NA,3,left,"sand, rubble",1,4,1,1,0,2,9,
MRB,"May 6, 2022",,127,121,87,19522.6097,1.95226097,75,M7,NA,4,right,"sand, rubble",0,4,1,2,0,1,8,
MRB,"May 6, 2022",,114,94,62,12618.9743,1.26189743,76,M8,NA,1,upstream,"sand, rubble",3,2,4,1,0,2,12,
MRB,"May 6, 2022",,114,94,62,12618.9743,1.26189743,76,M8,NA,2,downstream,sand,0,3,0,1,0,0,4,
MRB,"May 6, 2022",,114,94,62,12618.9743,1.26189743,76,M8,NA,3,left,"sand, rubble",1,3,0,1,0,1,6,
MRB,"May 6, 2022",,114,94,62,12618.9743,1.26189743,76,M8,NA,4,right,rubble,1,8,1,0,0,2,12,
MRB,"May 6, 2022",,144,119,114,24743.6479,2.47436479,77,M9,NA,1,upstream,"sand, rubble",2,5,2,4,0,1,14,
MRB,"May 6, 2022",,144,119,114,24743.6479,2.47436479,77,M9,NA,2,downstream,sand,1,1,2,2,0,0,6,
MRB,"May 6, 2022",,144,119,114,24743.6479,2.47436479,77,M9,NA,3,left,"sand, rubble",1,4,1,4,0,0,10,
MRB,"May 6, 2022",,144,119,114,24743.6479,2.47436479,77,M9,NA,4,right,sand,0,2,1,2,0,1,6,
MRB,"May 6, 2022",,158,156,86,27786.58941,2.778658941,78,M10,340,1,upstream,sand,2,6,8,4,0,0,20,
MRB,"May 6, 2022",,158,156,86,27786.58941,2.778658941,78,M10,340,2,downstream,sand,1,2,1,1,0,0,5,
MRB,"May 6, 2022",,158,156,86,27786.58941,2.778658941,78,M10,340,3,left,sand,1,6,1,2,0,0,10,
MRB,"May 6, 2022",,158,156,86,27786.58941,2.778658941,78,M10,340,4,right,"sand, rubble",1,4,2,1,0,0,8,
MRB,"May 9, 2022",,245,225,82,53163.90735,5.316390735,79,M4,300,1,upstream,sand,0,4,1,6,0,0,11,
MRB,"May 9, 2022",,245,225,82,53163.90735,5.316390735,79,M4,300,2,downstream,sand,0,3,0,4,1,1,9,
MRB,"May 9, 2022",,245,225,82,53163.90735,5.316390735,79,M4,300,3,left,rubble,1,1,3,3,0,0,8,
MRB,"May 9, 2022",,245,225,82,53163.90735,5.316390735,79,M4,300,4,right,rubble,0,6,1,1,0,0,8,